0.0003,0.0000,0.0000,0.0000,0.0000,false,false,false,false,false,false,false,false
0.0475,0.0000,0.0000,0.0000,0.0000,false,false,false,false,false,false,false,false
0.0496,0.0000,0.0000,0.0000,0.0000,false,false,false,false,false,false,false,false
0.0602,0.0000,0.0000,0.0000,0.0000,false,false,false,false,false,false,false,false
0.0854,0.0000,0.0000,0.0000,0.0000,false,false,false,false,false,false,false,false
0.1006,0.0000,0.0000,0.0000,0.0000,false,false,false,false,false,false,false,false
0.1202,0.0000,0.0000,0.0000,0.0000,false,false,false,false,false,false,false,false
0.1402,0.0000,0.0000,0.0000,0.0000,false,false,false,false,false,false,false,false
0.1635,0.0000,0.0000,0.0000,0.0000,false,false,false,false,false,false,false,false
0.1803,0.0000,0.0000,0.0000,0.0000,false,false,false,false,false,false,false,false
0.2038,0.0000,0.0000,0.0000,0.0000,false,false,false,false,false,false,false,false
0.2203,0.0000,0.0000,0.0000,0.0000,false,false,false,false,false,false,false,false
0.2402,0.0000,0.0000,0.0000,0.0000,false,false,false,false,false,false,false,false
0.2631,0.0000,0.0000,0.0000,0.0000,false,false,false,false,false,false,false,false
0.2803,0.0000,0.0000,0.0000,0.0000,false,false,false,false,false,false,false,false
0.3002,0.0000,0.0000,0.0000,0.0000,false,false,false,false,false,false,false,false
0.3229,0.0000,0.0000,0.0000,0.0000,false,false,false,false,false,false,false,false
0.3403,0.0000,0.0000,0.0000,0.0000,false,false,false,false,false,false,false,false
0.3629,0.0000,0.0000,0.0000,0.0000,false,false,false,false,false,false,false,false
0.3803,0.0000,0.0000,0.0000,0.0000,false,false,false,false,false,false,false,false
0.4002,0.0000,0.0000,0.0000,0.0000,false,false,false,false,false,false,false,false
0.4201,0.0000,0.0000,0.0000,0.0000,false,false,false,false,false,false,false,false
0.4430,0.0000,0.0000,0.0000,0.0000,false,false,false,false,false,false,false,false
0.4603,0.0000,0.0000,0.0000,0.0000,false,false,false,false,false,false,false,false
0.4801,0.0000,0.0000,0.0000,0.0000,false,false,false,false,false,false,false,false
0.5024,0.0000,0.0000,0.0000,0.0000,false,false,false,false,false,false,false,false
0.5202,0.0000,0.0000,0.0000,0.0000,false,false,false,false,false,false,false,false
0.5401,0.0000,0.0000,0.0000,0.0000,false,false,false,false,false,false,false,false
0.5601,0.0000,0.0000,0.0000,0.0000,false,false,false,false,false,false,false,false
0.5823,0.0000,0.0000,0.0000,0.0000,false,false,false,false,false,false,false,false
0.6002,0.0000,0.0000,0.0000,0.0000,false,false,false,false,false,false,false,false
0.6226,0.0000,0.0000,0.0000,0.0000,false,false,false,false,false,false,false,false
0.6403,0.0000,0.0000,0.0000,0.0000,false,false,false,false,false,false,false,false
0.6601,0.0000,0.0000,0.0000,0.0000,false,false,false,false,false,false,false,false
0.6801,0.0000,0.0000,0.0000,0.0000,false,false,false,false,false,false,false,false
0.7025,0.0000,0.0000,0.0000,0.0000,false,false,false,false,false,false,false,false
0.7204,0.0000,0.0000,0.0000,0.0000,false,false,false,false,false,false,false,false
0.7428,0.0000,0.0000,0.0000,0.0000,false,false,false,false,false,false,false,false
0.7603,0.0000,0.0000,0.0000,0.0000,false,false,false,false,false,false,false,false
0.7801,0.0000,0.0000,0.0000,0.0000,false,false,false,false,false,false,false,false
0.8023,0.0000,0.0000,0.0000,0.0000,false,false,false,false,false,false,false,false
0.8203,0.0000,0.0000,0.0000,0.0000,false,false,false,false,false,false,false,false
0.8402,0.0000,0.0000,0.0000,0.0000,false,false,false,false,false,false,false,false
0.8625,0.0000,0.0000,0.0000,0.0000,false,false,false,false,false,false,false,false
0.8803,0.0000,0.0000,0.0000,0.0000,false,false,false,false,false,false,false,false
0.9024,0.0000,0.0000,0.0000,0.0000,false,false,false,false,false,false,false,false
0.9203,0.0000,0.0000,0.0000,0.0000,false,false,false,false,false,false,false,false
0.9401,0.0000,0.0000,0.0000,0.0000,false,false,false,false,false,false,false,false
0.9622,0.0000,0.0000,0.0000,0.0000,false,false,false,false,false,false,false,false
0.9803,0.0000,0.0000,0.0000,0.0000,false,false,false,false,false,false,false,false
1.0001,0.0000,0.0000,0.0000,0.0000,false,false,false,false,false,false,false,false
1.0222,0.0000,0.0000,0.0000,0.0000,false,false,false,false,false,false,false,false
1.0403,0.0000,0.0000,0.0000,0.0000,false,false,false,false,false,false,false,false
1.0602,0.0000,0.0000,0.0000,0.0000,false,false,false,false,false,false,false,false
1.0823,0.0000,0.0000,0.0000,0.0000,false,false,false,false,false,false,false,false
1.1002,0.0000,0.0000,0.0000,0.0000,false,false,false,false,false,false,false,false
1.1221,0.0000,0.0000,0.0000,0.0000,false,false,false,false,false,false,false,false
1.1402,0.0000,0.0000,0.0000,0.0000,false,false,false,false,false,false,false,false
1.1601,0.0000,0.0000,0.0000,0.0000,false,false,false,false,false,false,false,false
1.1823,0.0000,0.0000,0.0000,0.0000,false,false,false,false,false,false,false,false
1.2003,0.0000,0.0000,0.0000,0.0000,false,false,false,false,false,false,false,false
1.2226,0.0000,0.0000,0.0000,0.0000,false,false,false,false,false,false,false,false
1.2403,0.0000,0.0000,0.0000,0.0000,false,false,false,false,false,false,false,false
1.2602,-0.1500,0.0000,0.0000,0.0000,false,false,false,false,false,false,false,false
1.2802,-0.3000,0.0000,0.0000,0.0000,false,false,false,false,false,false,false,false
1.3002,-0.4500,0.0000,0.0000,0.0000,false,false,false,false,false,false,false,false
1.3222,-0.4500,0.0000,0.0000,0.0000,false,false,false,false,false,false,false,false
1.3402,-0.6000,0.0000,0.0000,0.0000,false,false,false,false,false,false,false,false
1.3601,-0.7500,0.0000,0.0000,0.0000,false,false,false,false,false,false,false,false
1.3824,-0.9000,0.0000,0.0000,0.0000,false,false,false,false,false,false,false,false
1.4004,-1.0000,0.0000,0.0000,0.0000,false,false,false,false,false,false,false,false
1.4201,-1.0000,0.0000,0.0000,0.0000,false,false,false,false,false,false,false,false
1.4401,-1.0000,0.0000,0.0000,0.0000,false,false,false,false,false,false,false,false
1.4622,-1.0000,0.0000,0.0000,0.0000,false,false,false,false,false,false,false,false
1.4803,-1.0000,0.0000,0.0000,0.0000,false,false,false,false,false,false,false,false
1.5001,-1.0000,0.0000,0.0000,0.0000,false,false,false,false,false,false,false,false
1.5201,-1.0000,0.0000,0.0000,0.0000,false,false,false,false,false,false,false,false
1.5421,-1.0000,0.0000,0.0000,0.0000,false,false,false,false,false,false,false,false
1.5603,-0.8500,0.0000,0.0000,0.0000,false,false,false,false,false,false,false,false
1.5825,-0.7000,0.0000,0.0000,0.0000,false,false,false,false,false,false,false,false
1.6002,-0.7000,0.0000,0.0000,0.0000,false,false,false,false,false,false,false,false
1.6201,-0.5500,0.0000,0.0000,0.0000,false,false,false,false,false,false,false,false
1.6419,-0.4000,0.0000,0.0000,0.0000,false,false,false,false,false,false,false,false
1.6603,-0.2500,0.0000,0.0000,0.0000,false,false,false,false,false,false,false,false
1.6801,-0.1000,0.0000,0.0000,0.0000,false,false,false,false,false,false,false,false
1.7018,-0.1000,0.0000,0.0000,0.0000,false,false,false,false,false,false,false,false
1.7203,0.0000,0.0000,0.0000,0.0000,false,false,false,false,false,false,false,false
1.7402,0.0000,0.0000,0.0000,0.0000,false,false,false,false,false,false,false,false
1.7601,0.0000,0.0000,0.0000,0.0000,false,false,false,false,false,false,false,false
1.7818,0.0000,0.0000,0.0000,0.0000,false,false,false,false,false,false,false,false
1.8004,0.0000,0.0000,0.0000,0.0000,false,false,false,false,false,false,false,false
1.8203,0.0000,0.0000,0.0000,0.0000,false,false,false,false,false,false,false,false
1.8402,0.0000,0.0000,0.0000,0.0000,false,false,false,false,false,false,false,false
1.8628,0.0000,0.0000,0.0000,0.0000,false,false,false,false,false,false,false,false
1.8803,0.0000,0.0000,0.0000,0.0000,false,false,false,false,false,false,false,false
1.9002,0.0000,0.0000,0.0000,0.0000,false,false,false,false,false,false,false,false
1.9222,0.0000,0.0000,0.0000,0.0000,false,false,false,false,false,false,false,false
1.9403,0.0000,0.0000,0.0000,0.0000,false,false,false,false,false,false,false,false
1.9623,0.0000,-0.0500,0.0000,0.0000,false,false,false,false,false,false,false,false
1.9803,0.0000,-0.2000,0.0000,0.0000,false,false,false,false,false,false,false,false
2.0001,0.0000,-0.2000,0.0000,0.0000,false,false,false,false,false,false,false,false
2.0218,0.0000,-0.3500,0.0000,0.0000,false,false,false,false,false,false,false,false
2.0402,0.0000,-0.5000,0.0000,0.0000,false,false,false,false,false,false,false,false
2.0602,0.0000,-0.6500,0.0000,0.0000,false,false,false,false,false,false,false,false
2.0801,0.0000,-0.8000,0.0000,0.0000,false,false,false,false,false,false,false,false
2.1020,0.0000,-0.8000,0.0000,0.0000,false,false,false,false,false,false,false,false
2.1202,0.0000,-0.9500,0.0000,0.0000,false,false,false,false,false,false,false,false
2.1401,0.0000,-1.0000,0.0000,0.0000,false,false,false,false,false,false,false,false
2.1618,0.0000,-1.0000,0.0000,0.0000,false,false,false,false,false,false,false,false
2.1802,0.0000,-1.0000,0.0000,0.0000,false,false,false,false,false,false,false,false
2.2021,0.0000,-1.0000,0.0000,0.0000,false,false,false,false,false,false,false,false
2.2205,0.0000,-1.0000,0.0000,0.0000,false,false,false,false,false,false,false,false
2.2403,0.0000,-1.0000,0.0000,0.0000,false,false,false,false,false,false,false,false
2.2634,0.0000,-1.0000,0.0000,0.0000,false,false,false,false,false,false,false,false
2.2804,0.0000,-1.0000,0.0000,0.0000,false,false,false,false,false,false,false,false
2.3002,0.0000,-1.0000,0.0000,0.0000,false,false,false,false,false,false,false,false
2.3227,0.0000,-1.0000,0.0000,0.0000,false,false,false,false,false,false,false,false
2.3402,0.0000,-1.0000,0.0000,0.0000,false,false,false,false,false,false,false,false
2.3601,0.0000,-1.0000,0.0000,0.0000,false,false,false,false,false,false,false,false
2.3818,0.0000,-1.0000,0.0000,0.0000,false,false,false,false,false,false,false,false
2.4002,0.0000,-1.0000,0.0000,0.0000,false,false,false,false,false,false,false,false
2.4219,0.0000,-1.0000,0.0000,0.0000,false,false,false,false,false,false,false,false
2.4402,0.0000,-1.0000,0.0000,0.0000,false,false,false,false,false,false,false,false
2.4601,0.0000,-0.8500,0.0000,0.0000,false,false,false,false,false,false,false,false
2.4800,0.0000,-0.8500,0.0000,0.0000,false,false,false,false,false,false,false,false
2.5018,0.0000,-0.7000,0.0000,0.0000,false,false,false,false,false,false,false,false
2.5202,0.0000,-0.5500,0.0000,0.0000,false,false,false,false,false,false,false,false
2.5420,0.0000,-0.4000,0.0000,0.0000,false,false,false,false,false,false,false,false
2.5603,0.0000,-0.2500,0.0000,0.0000,false,false,false,false,false,false,false,false
2.5802,0.0000,-0.2500,0.0000,0.0000,false,false,false,false,false,false,false,false
2.6021,0.0000,-0.1000,0.0000,0.0000,false,false,false,false,false,false,false,false
2.6203,0.0000,0.0000,0.0000,0.0000,false,false,false,false,false,false,false,false
2.6401,0.0000,0.0000,0.0000,0.0000,false,false,false,false,false,false,false,false
2.6601,0.0000,0.0000,0.0000,0.0000,false,false,false,false,false,false,false,false
2.6822,0.0000,0.0000,0.0000,0.0000,false,false,false,false,false,false,false,false
2.7002,0.0000,0.0000,0.0000,0.0000,false,false,false,false,false,false,false,false
2.7201,0.0000,0.0000,0.0000,0.0000,false,false,false,false,false,false,false,false
2.7423,0.0000,0.0000,0.0000,0.0000,false,false,false,false,false,false,false,false
2.7602,0.0000,0.0000,0.0000,0.0000,false,false,false,false,false,false,false,false
2.7800,0.0000,0.0000,0.0000,0.0000,false,false,false,false,false,false,false,false
2.8001,-0.0500,0.0000,0.0000,0.0000,false,false,false,false,false,false,false,false
2.8221,-0.2000,0.0000,0.0000,0.0000,false,false,false,false,false,false,false,false
2.8402,-0.3500,0.0000,0.0000,0.0000,false,false,false,false,false,false,false,false
2.8626,-0.5000,0.0000,0.0000,0.0000,false,false,false,false,false,false,false,false
2.8805,-0.5000,0.0000,0.0000,0.0000,false,false,false,false,false,false,false,false
2.9003,-0.6500,0.0000,0.0000,0.0000,false,false,false,false,false,false,false,false
2.9242,-0.8000,0.0000,0.0000,0.0000,false,false,false,false,false,false,false,false
2.9404,-0.9500,0.0000,0.0000,0.0000,false,false,false,false,false,false,false,false
2.9602,-1.0000,0.0000,0.0000,0.0000,false,false,false,false,false,false,false,false
2.9844,-1.0000,0.0000,0.0000,0.0000,false,false,false,false,false,false,false,false
3.0005,-1.0000,0.0000,0.0000,0.0000,false,false,false,false,false,false,false,false
3.0203,-1.0000,0.0000,0.0000,0.0000,false,false,false,false,false,false,false,false
3.0442,-1.0000,0.0000,0.0000,0.0000,false,false,false,false,false,false,false,false
3.0605,-1.0000,0.0000,0.0000,0.0000,false,false,false,false,false,false,false,false
3.0842,-1.0000,0.0000,0.0000,0.0000,false,false,false,false,false,false,false,false
3.1004,-1.0000,0.0000,0.0000,0.0000,false,false,false,false,false,false,false,false
3.1203,-0.9500,0.0000,0.0000,0.0000,false,false,false,false,false,false,false,false
3.1403,-0.8000,0.0000,0.0000,0.0000,false,false,false,false,false,false,false,false
3.1631,-0.8000,0.0000,0.0000,0.0000,false,false,false,false,false,false,false,false
3.1802,-0.6500,0.0000,0.0000,0.0000,false,false,false,false,false,false,false,false
3.2001,-0.5000,0.0000,0.0000,0.0000,false,false,false,false,false,false,false,false
3.2201,-0.3500,0.0000,0.0000,0.0000,false,false,false,false,false,false,false,false
3.2401,-0.2000,0.0000,0.0000,0.0000,false,false,false,false,false,false,false,false
3.2626,-0.2000,0.0000,0.0000,0.0000,false,false,false,false,false,false,false,false
3.2804,-0.0500,0.0000,0.0000,0.0000,false,false,false,false,false,false,false,false
3.3002,0.0000,0.0000,0.0000,0.0000,false,false,false,false,false,false,false,false
3.3224,0.0000,0.0000,0.0000,0.0000,false,false,false,false,false,false,false,false
3.3403,0.0000,0.1000,0.0000,0.0000,false,false,false,false,false,false,false,false
3.3601,0.0000,0.1000,0.0000,0.0000,false,false,false,false,false,false,false,false
3.3822,0.0000,0.2500,0.0000,0.0000,false,false,false,false,false,false,false,false
3.4003,0.0000,0.4000,0.0000,0.0000,false,false,false,false,false,false,false,false
3.4201,0.0000,0.5500,0.0000,0.0000,false,false,false,false,false,false,false,false
3.4421,0.0000,0.7000,0.0000,0.0000,false,false,false,false,false,false,false,false
3.4602,0.0000,0.7000,0.0000,0.0000,false,false,false,false,false,false,false,false
3.4822,0.0000,0.8500,0.0000,0.0000,false,false,false,false,false,false,false,false
3.5002,0.0000,1.0000,0.0000,0.0000,false,false,false,false,false,false,false,false
3.5201,0.0000,1.0000,0.0000,0.0000,false,false,false,false,false,false,false,false
3.5423,0.0000,1.0000,0.0000,0.0000,false,false,false,false,false,false,false,false
3.5602,0.0000,1.0000,0.0000,0.0000,false,false,false,false,false,false,false,false
3.5801,0.0000,1.0000,0.0000,0.0000,false,false,false,false,false,false,false,false
3.6001,0.0000,1.0000,0.0000,0.0000,false,false,false,false,false,false,false,false
3.6222,0.0000,1.0000,0.0000,0.0000,false,false,false,false,false,false,false,false
3.6402,0.0000,1.0000,0.0000,0.0000,false,false,false,false,false,false,false,false
3.6622,0.0000,1.0000,0.0000,0.0000,false,false,false,false,false,false,false,false
3.6802,0.0000,1.0000,0.0000,0.0000,false,false,false,false,false,false,false,false
3.7001,0.0000,1.0000,0.0000,0.0000,false,false,false,false,false,false,false,false
3.7221,0.0000,0.8500,0.0000,0.0000,false,false,false,false,false,false,false,false
3.7402,0.0000,0.7000,0.0000,0.0000,false,false,false,false,false,false,false,false
3.7601,0.0000,0.7000,0.0000,0.0000,false,false,false,false,false,false,false,false
3.7821,0.0000,0.5500,0.0000,0.0000,false,false,false,false,false,false,false,false
3.8002,0.0000,0.4000,0.0000,0.0000,false,false,false,false,false,false,false,false
3.8223,0.0000,0.2500,0.0000,0.0000,false,false,false,false,false,false,false,false
3.8402,0.0000,0.1000,0.0000,0.0000,false,false,false,false,false,false,false,false
3.8601,0.0000,0.1000,0.0000,0.0000,false,false,false,false,false,false,false,false
3.8821,0.0000,0.0000,0.0000,0.0000,false,false,false,false,false,false,false,false
3.9002,0.0000,0.0000,0.0000,0.0000,false,false,false,false,false,false,false,false
3.9201,0.0000,0.0000,0.0000,0.0000,false,false,false,false,false,false,false,false
3.9421,0.0000,0.0000,0.0000,0.0000,false,false,false,false,false,false,false,false
3.9602,0.0000,0.0000,0.0000,0.0000,false,false,false,false,false,false,false,false
3.9820,0.0000,0.0000,0.0000,0.0000,false,false,false,false,false,false,false,false
4.0002,0.0000,0.0000,0.0000,0.0000,false,false,false,false,false,false,false,false
4.0201,0.0000,0.0000,0.0000,0.0000,false,false,false,false,false,false,false,false
4.0401,0.0000,0.0000,0.0000,0.0000,false,false,false,false,false,false,false,false
4.0750,0.0000,0.0000,0.0000,0.0000,false,false,false,false,false,false,false,false
4.0802,0.0000,-0.1000,0.0000,0.0000,false,false,false,false,false,false,false,false
4.1033,0.0000,-0.2500,0.0000,0.0000,false,false,false,false,false,false,false,false
4.1204,0.0000,-0.3000,0.0000,0.0000,false,false,false,false,false,false,false,false
4.1402,0.0000,-0.3000,0.0000,0.0000,false,false,false,false,false,false,false,false
4.1631,0.0000,-0.1500,0.0000,0.0000,false,false,false,false,false,false,false,false
4.1804,0.0000,-0.0000,0.0000,0.0000,false,false,false,false,false,false,false,false
4.2002,-0.1500,0.0000,0.0000,0.0000,false,false,false,false,false,false,false,false
4.2233,-0.3000,0.0000,0.0000,0.0000,false,false,false,false,false,false,false,false
4.2404,-0.3000,0.0000,0.0000,0.0000,false,false,false,false,false,false,false,false
4.2602,-0.4500,0.0000,0.0000,0.0000,false,false,false,false,false,false,false,false
4.2835,-0.6000,0.0000,0.0000,0.0000,false,false,false,false,false,false,false,false
4.3004,-0.7500,0.0000,0.0000,0.0000,false,false,false,false,false,false,false,false
4.3231,-0.9000,0.0000,0.0000,0.0000,false,false,false,false,false,false,false,false
4.3404,-0.9000,0.0000,0.0000,0.0000,false,false,false,false,false,false,false,false
4.3602,-1.0000,0.0000,0.0000,0.0000,false,false,false,false,false,false,false,false
4.3831,-1.0000,0.0000,0.0000,0.0000,false,false,false,false,false,false,false,false
4.4004,-1.0000,0.0000,0.0000,0.0000,false,false,false,false,false,false,false,false
4.4229,-0.8500,0.0000,0.0000,0.0000,false,false,false,false,false,false,false,false
4.4403,-0.8500,0.0000,0.0000,0.0000,false,false,false,false,false,false,false,false
4.4601,-0.7000,0.0000,0.0000,0.0000,false,false,false,false,false,false,false,false
4.4832,-0.5500,0.0000,0.0000,0.0000,false,false,false,false,false,false,false,false
4.5004,-0.4000,0.0000,0.0000,0.0000,false,false,false,false,false,false,false,false
4.5202,-0.2500,0.0000,0.0000,0.0000,false,false,false,false,false,false,false,false
4.5431,-0.2500,0.0000,0.0000,0.0000,false,false,false,false,false,false,false,false
4.5604,-0.1000,0.0000,-0.0500,0.0000,false,false,false,false,false,false,false,false
4.5830,0.0000,0.0000,-0.2000,0.0000,false,false,false,false,false,false,false,false
4.6003,0.0000,0.0000,-0.3500,0.0000,false,false,false,false,false,false,false,false
4.6202,0.0000,0.0000,-0.5000,0.0000,false,false,false,false,false,false,false,false
4.6430,0.0000,0.0000,-0.5000,0.0000,false,false,false,false,false,false,false,false
4.6604,0.0000,0.0000,-0.6500,0.0000,false,false,false,false,false,false,false,false
4.6802,0.0000,0.0000,-0.8000,0.0000,false,false,false,false,false,false,false,false
4.7030,0.0000,0.0000,-0.9500,0.0000,false,false,false,false,false,false,false,false
4.7203,0.0000,0.0000,-0.9500,0.0000,false,false,false,false,false,false,false,false
4.7403,0.0000,0.0000,-1.0000,0.0000,false,false,false,false,false,false,false,false
4.7632,0.0000,0.0000,-1.0000,0.0000,false,false,false,false,false,false,false,false
4.7804,0.0000,0.0000,-1.0000,0.0000,false,false,false,false,false,false,false,false
4.8030,0.0000,0.0000,-1.0000,0.0000,false,false,false,false,false,false,false,false
4.8203,0.0000,0.0000,-1.0000,0.0000,false,false,false,false,false,false,false,false
4.8402,0.0000,0.0000,-1.0000,0.0000,false,false,false,false,false,false,false,false
4.8635,0.0000,0.0000,-1.0000,0.0000,false,false,false,false,false,false,false,false
4.8804,0.0000,0.0000,-1.0000,0.0000,false,false,false,false,false,false,false,false
4.9002,0.0000,0.0000,-0.9000,0.0000,false,false,false,false,false,false,false,false
4.9241,0.0000,0.0000,-0.9000,0.0000,false,false,false,false,false,false,false,false
4.9404,0.0000,0.0000,-0.7500,0.0000,false,false,false,false,false,false,false,false
4.9641,0.0000,0.0000,-0.6000,0.0000,false,false,false,false,false,false,false,false
4.9803,0.0000,0.0000,-0.4500,0.0000,false,false,false,false,false,false,false,false
5.0002,0.0000,0.0000,-0.3000,0.0000,false,false,false,false,false,false,false,false
5.0239,0.0000,0.0000,-0.3000,0.0000,false,false,false,false,false,false,false,false
5.0404,0.0000,0.0000,-0.1500,0.0000,false,false,false,false,false,false,false,false
5.0630,0.0000,0.0000,0.0000,0.0000,false,false,false,false,false,false,false,false
5.0804,0.0000,0.0000,0.0000,0.0000,false,false,false,false,false,false,false,false
5.1002,0.0000,0.0000,0.0000,0.0000,false,false,false,false,false,false,false,false
5.1230,0.0000,0.0000,0.0000,0.0000,false,false,false,false,false,false,false,false
5.1405,0.0000,0.0000,0.0000,0.0000,false,false,false,false,false,false,false,false
5.1626,0.0000,0.0000,0.0000,0.0000,false,false,false,false,false,false,false,false
5.1803,0.0000,0.0000,0.0000,0.0000,false,false,false,false,false,false,false,false
5.2002,0.0000,0.0000,0.0000,0.0000,false,false,false,false,false,false,false,false
5.2229,0.0000,0.0000,0.0000,0.0000,false,false,false,false,false,false,false,false
5.2404,0.0000,0.0000,0.0000,0.0000,false,false,false,false,false,false,false,false
5.2628,0.0000,0.0000,0.0000,0.0000,false,false,false,false,false,false,false,false
5.2804,0.0000,0.0000,0.0000,0.0000,false,false,false,false,false,false,false,false
5.3002,0.0000,0.0000,0.0000,0.0000,false,false,false,false,false,false,false,false
5.3202,0.0000,0.0000,0.0000,0.0000,false,false,false,false,false,false,false,false
5.3425,0.0000,0.0000,0.0000,0.0000,false,false,false,false,false,false,false,false
5.3603,0.0000,0.0000,0.0000,0.0000,false,false,false,false,false,false,false,false
5.3822,0.0000,0.0000,0.0000,0.0000,false,false,false,false,false,false,false,false
5.4004,0.0000,0.0000,0.0000,0.0000,false,false,false,false,false,false,false,false
5.4202,0.0000,0.0000,0.0000,0.0000,false,false,false,false,false,false,false,false
5.4422,0.0000,0.0000,0.0000,0.0000,false,false,false,false,false,false,false,false
5.4603,0.0000,0.0000,0.0000,0.0000,false,false,false,false,false,false,false,false
5.4801,0.0000,0.0000,0.0000,0.0000,false,false,false,false,false,false,false,false
5.5021,0.0000,0.0000,0.0000,0.0000,false,false,false,false,false,false,false,false
5.5203,0.0000,0.0000,0.0000,0.0000,false,false,false,false,false,false,false,false
5.5420,0.0000,0.0000,0.0000,0.0000,false,false,false,false,false,false,false,false
5.5603,0.0000,0.0000,0.0000,0.0000,false,false,false,false,false,false,false,false
5.5801,0.0000,0.0000,0.0000,0.0000,false,false,false,false,false,false,false,false
5.6022,0.0000,0.0000,0.0000,0.0000,false,false,false,false,false,false,false,false
5.6203,0.0000,0.0000,0.0000,0.0000,false,false,false,false,false,false,false,false
5.6401,0.0000,0.0000,0.0000,0.0000,false,false,false,false,false,false,false,false
5.6626,0.0000,0.0000,0.0000,0.0000,true,false,false,false,false,false,false,false
5.6803,0.0000,0.0000,0.0000,0.0000,true,false,false,false,false,false,false,false
5.7021,0.0000,0.0000,0.0000,0.0000,true,false,false,false,false,false,false,false
5.7203,0.0000,0.0000,0.0000,0.0000,true,false,false,false,false,false,false,false
5.7401,0.0000,0.0000,0.0000,0.0000,true,false,false,false,false,false,false,false
5.7622,0.0000,0.0000,0.0000,0.0000,true,false,false,false,false,false,false,false
5.7803,0.0000,0.0000,0.0000,0.0000,true,false,false,false,false,false,false,false
5.8021,0.0000,0.0000,0.0000,0.0000,true,false,false,false,false,false,false,false
5.8203,0.0000,0.0000,0.0000,0.0000,true,false,false,false,false,false,false,false
5.8401,0.0000,0.0000,0.0000,0.0000,true,false,false,false,false,false,false,false
5.8602,0.0000,0.0000,0.0000,0.0000,false,false,false,false,false,false,false,false
5.8827,0.0000,0.0000,0.0000,0.0000,false,false,false,false,false,false,false,false
5.9004,0.0000,0.0000,0.0000,0.0000,false,false,false,false,false,false,false,false
5.9228,0.0000,0.0000,0.0000,0.0000,false,false,false,false,false,false,false,false
5.9404,0.0000,0.0000,0.0000,0.0000,false,false,false,false,false,false,false,false
5.9602,0.0000,0.0000,0.0000,0.0000,false,false,false,false,false,false,false,false
5.9802,0.0000,0.0000,0.0000,0.0000,false,false,false,false,false,false,false,false
6.0028,0.0000,0.0000,0.0000,0.0000,false,false,false,false,false,false,false,false
6.0203,0.0000,0.0000,0.0000,0.0000,false,false,false,false,false,false,false,false
6.0402,0.0000,0.0000,0.0000,0.0000,false,false,false,false,false,false,false,false
6.0624,0.0000,0.0000,0.0000,0.0000,false,false,false,false,false,false,false,false
6.0802,0.0000,0.0000,0.0000,0.0000,false,false,false,false,false,false,false,false
6.1001,0.0000,0.0000,0.0000,0.0000,false,false,false,false,false,false,false,false
6.1215,0.0000,0.0000,0.0000,0.0000,false,false,false,false,false,false,false,false
6.1402,0.0000,0.0000,0.0000,0.0000,false,false,false,false,false,false,false,false
6.1615,0.0000,0.0000,0.0000,0.0000,false,false,false,false,false,false,false,false
6.1802,0.0000,0.0000,0.0000,0.0000,false,false,false,false,false,false,false,false
6.2001,0.0000,0.0000,0.0000,0.0000,false,false,false,false,false,false,false,false
6.2214,0.0000,0.0000,0.0000,0.0000,false,false,false,false,false,false,false,false
6.2402,0.0000,0.0000,0.0000,0.0000,false,false,false,false,false,false,false,false
6.2616,0.0000,0.0000,0.0000,0.0000,false,false,false,false,false,false,false,false
6.2802,0.0000,0.0000,0.0000,0.0000,false,false,false,false,false,false,false,false
6.3002,0.0000,0.0000,0.0000,0.0000,false,false,false,false,false,false,false,false
6.3215,0.0000,0.0000,0.0000,0.0000,false,false,false,false,false,false,false,false
6.3402,0.0000,0.0000,0.0000,0.0000,false,false,false,false,false,false,false,false
6.3602,0.0000,0.0000,0.0000,0.0000,false,false,false,false,false,false,false,false
6.3802,0.0000,0.0000,0.0000,0.0000,false,false,false,false,false,false,false,false
6.4016,0.0000,0.0000,0.0000,0.0000,false,false,false,false,false,false,false,false
6.4202,0.0000,0.0000,0.0000,0.0000,false,false,false,false,false,false,false,false
6.4416,0.0000,-0.0500,0.0000,0.0000,false,false,false,false,false,false,false,false
6.4602,0.0000,-0.2000,0.0000,0.0000,false,false,false,false,false,false,false,false
6.4801,0.0000,-0.2000,0.0000,0.0000,false,false,false,false,false,false,false,false
6.5015,0.0000,-0.3500,0.0000,0.0000,false,false,false,false,false,false,false,false
6.5202,0.0000,-0.5000,0.0000,0.0000,false,false,false,false,false,false,false,false
6.5401,0.0000,-0.6500,0.0000,0.0000,false,false,false,false,false,false,false,false
6.5619,0.0000,-0.8000,0.0000,0.0000,false,false,false,false,false,false,false,false
6.5802,0.0000,-0.8000,0.0000,0.0000,false,false,false,false,false,false,false,false
6.6017,0.0000,-0.9500,0.0000,0.0000,false,false,false,false,false,false,false,false
6.6202,0.0000,-1.0000,0.0000,0.0000,false,false,false,false,false,false,false,false
6.6401,0.0000,-1.0000,0.0000,0.0000,false,false,false,false,false,false,false,false
6.6617,0.0000,-1.0000,0.0000,0.0000,false,false,false,false,false,false,false,false
6.6802,0.0000,-1.0000,0.0000,0.0000,false,false,false,false,false,false,false,false
6.7017,0.0000,-1.0000,0.0000,0.0000,false,false,false,false,false,false,false,false
6.7202,0.0000,-1.0000,0.0000,0.0000,false,false,false,false,false,false,false,false
6.7401,0.0000,-1.0000,0.0000,0.0000,false,false,false,false,false,false,false,false
6.7601,0.0000,-1.0000,0.0000,0.0000,false,false,false,false,false,false,false,false
6.7818,0.0000,-1.0000,0.0000,0.0000,false,false,false,false,false,false,false,false
6.8002,0.0000,-1.0000,0.0000,0.0000,false,false,false,false,false,false,false,false
6.8217,0.0000,-1.0000,0.0000,0.0000,false,false,false,false,false,false,false,false
6.8402,0.0000,-1.0000,0.0000,0.0000,false,false,false,false,false,false,false,false
6.8601,0.0000,-1.0000,0.0000,0.0000,false,false,false,false,false,false,false,false
6.8819,0.0000,-1.0000,0.0000,0.0000,false,false,false,false,false,false,false,false
6.9002,0.0000,-0.9500,0.0000,0.0000,false,false,false,false,false,false,false,false
6.9219,0.0000,-0.8000,0.0000,0.0000,false,false,false,false,false,false,false,false
6.9402,0.0000,-0.6500,0.0000,0.0000,false,false,false,false,false,false,false,false
6.9601,0.0000,-0.6500,0.0000,0.0000,false,false,false,false,false,false,false,false
6.9819,0.0000,-0.5000,0.0000,0.0000,false,false,false,false,false,false,false,false
7.0002,0.0000,-0.3500,0.0000,0.0000,false,false,false,false,false,false,false,false
7.0201,0.0000,-0.2000,0.0000,0.0000,false,false,false,false,false,false,false,false
7.0418,0.0000,-0.0500,0.0000,0.0000,false,false,false,false,false,false,false,false
7.0602,0.0000,-0.0500,0.0000,0.0000,false,false,false,false,false,false,false,false
7.0801,0.0000,0.0000,0.0000,0.0000,false,false,false,false,false,false,false,false
7.1019,0.0000,-0.0500,0.0000,0.0000,false,false,false,false,false,false,false,false
7.1202,0.0000,-0.2000,0.0000,0.0000,false,false,false,false,false,false,false,false
7.1401,0.0000,-0.2500,0.0000,0.0000,false,false,false,false,false,false,false,false
7.1619,0.0000,-0.2500,0.0000,0.0000,false,false,false,false,false,false,false,false
7.1802,0.0000,-0.1000,0.0000,0.0000,false,false,false,false,false,false,false,false
7.2019,0.0000,0.0000,0.0000,0.0000,false,false,false,false,false,false,false,false
7.2202,0.0000,0.0000,0.0000,0.0000,false,false,false,false,false,false,false,false
7.2401,0.0000,0.0000,0.0000,0.0000,false,false,false,false,false,false,false,false
7.2620,0.0000,0.0000,0.0000,0.0000,false,false,false,false,false,false,false,false
7.2802,0.0000,0.0000,0.0000,0.0000,false,false,false,false,false,false,false,false
7.3022,0.0000,0.0000,0.0000,0.0000,false,false,false,false,false,false,false,false
7.3203,0.0000,0.0000,0.0000,0.0000,false,false,false,false,false,false,false,false
7.3401,0.0000,0.0000,0.0000,0.0000,false,false,false,false,false,false,false,false
7.3619,0.0000,0.0000,0.0000,0.0000,false,false,false,false,false,false,false,false
7.3804,0.0000,0.0000,0.0000,0.0000,false,false,false,false,false,false,false,false
7.4003,0.0000,0.0000,0.0000,0.0000,false,false,false,false,false,false,false,false
7.4232,0.0000,0.0000,0.0000,0.0000,false,false,false,false,false,false,false,false
7.4402,0.0000,0.0000,0.0000,0.0000,false,false,false,false,false,false,false,false
7.4601,0.0000,0.0000,0.0000,0.0000,false,false,false,false,false,false,false,false
7.4818,0.0000,-0.1500,0.0000,0.0000,false,false,false,false,false,false,false,false
7.5002,0.0000,-0.3000,0.0000,0.0000,false,false,false,false,false,false,false,false
7.5201,0.0000,-0.4500,0.0000,0.0000,false,false,false,false,false,false,false,false
7.5417,0.0000,-0.6000,0.0000,0.0000,false,false,false,false,false,false,false,false
7.5603,0.0000,-0.6000,0.0000,0.0000,false,false,false,false,false,false,false,false
7.5801,0.0000,-0.7500,0.0000,0.0000,false,false,false,false,false,false,false,false
7.6022,0.0000,-0.9000,0.0000,0.0000,false,false,false,false,false,false,false,false
7.6202,0.0000,-1.0000,0.0000,0.0000,false,false,false,false,false,false,false,false
7.6401,0.0000,-1.0000,0.0000,0.0000,false,false,false,false,false,false,false,false
7.6627,0.0000,-1.0000,0.0000,0.0000,false,false,false,false,false,false,false,false
7.6803,0.0000,-1.0000,0.0000,0.0000,false,false,false,false,false,false,false,false
7.7019,0.0000,-1.0000,0.0000,0.0000,false,false,false,false,false,false,false,false
7.7203,0.0000,-1.0000,0.0000,0.0000,false,false,false,false,false,false,false,false
7.7401,0.0000,-1.0000,0.0000,0.0000,false,false,false,false,false,false,false,false
7.7620,0.0000,-1.0000,0.0000,0.0000,false,false,false,false,false,false,false,false
7.7802,0.0000,-1.0000,0.0000,0.0000,false,false,false,false,false,false,false,false
7.8001,0.0000,-1.0000,0.0000,0.0000,false,false,false,false,false,false,false,false
7.8221,0.0000,-1.0000,0.0000,0.0000,false,false,false,false,false,false,false,false
7.8403,0.0000,-1.0000,0.0000,0.0000,false,false,false,false,false,false,false,false
7.8621,0.0000,-1.0000,0.0000,0.0000,false,false,false,false,false,false,false,false
7.8802,0.0000,-1.0000,0.0000,0.0000,false,false,false,false,false,false,false,false
7.9001,0.0000,-1.0000,0.0000,0.0000,false,false,false,false,false,false,false,false
7.9223,0.0000,-1.0000,0.0000,0.0000,false,false,false,false,false,false,false,false
7.9402,0.0000,-1.0000,0.0000,0.0000,false,false,false,false,false,false,false,false
7.9620,0.0000,-1.0000,0.0000,0.0000,false,false,false,false,false,false,false,false
7.9802,0.0000,-0.9000,0.0000,0.0000,false,false,false,false,false,false,false,false
8.0001,0.0000,-0.7500,0.0000,0.0000,false,false,false,false,false,false,false,false
8.0219,0.0000,-0.6000,0.0000,0.0000,false,false,false,false,false,false,false,false
8.0402,0.0000,-0.6000,0.0000,0.0000,false,false,false,false,false,false,false,false
8.0601,0.0000,-0.4500,0.0000,0.0000,false,false,false,false,false,false,false,false
8.0824,0.0000,-0.3000,0.0000,0.0000,false,false,false,false,false,false,false,false
8.1002,0.0000,-0.1500,0.0000,0.0000,false,false,false,false,false,false,false,false
8.1201,0.0000,0.0000,0.0000,0.0000,false,false,false,false,false,false,false,false
8.1420,0.0000,0.0000,0.0000,0.0000,false,false,false,false,false,false,false,false
8.1602,0.0000,0.0000,0.0000,0.0000,false,false,false,false,false,false,false,false
8.1819,0.0000,0.0000,0.0000,0.0000,false,false,false,false,false,false,false,false
8.2002,0.0000,0.0000,0.0000,0.0000,false,false,false,false,false,false,false,false
8.2201,0.0000,0.0000,0.0000,0.0000,true,false,false,false,false,false,false,false
8.2418,0.0000,0.0000,0.0000,0.0000,true,false,false,false,false,false,false,false
8.2602,0.0000,0.0000,0.0000,0.0000,true,false,false,false,false,false,false,false
8.2801,0.0000,0.0000,0.0000,0.0000,true,false,false,false,false,false,false,false
8.3015,0.0000,0.0000,0.0000,0.0000,true,false,false,false,false,false,false,false
8.3201,0.0000,0.0000,0.0000,0.0000,true,false,false,false,false,false,false,false
8.3401,0.0000,0.0000,0.0000,0.0000,true,false,false,false,false,false,false,false
8.3601,0.0000,0.0000,0.0000,0.0000,true,false,false,false,false,false,false,false
8.3816,0.0000,0.0000,0.0000,0.0000,true,false,false,false,false,false,false,false
8.4002,0.0000,0.0000,0.0000,0.0000,true,false,false,false,false,false,false,false
8.4201,0.0000,0.0000,0.0000,0.0000,true,false,false,false,false,false,false,false
8.4415,0.0000,0.0000,0.0000,0.0000,true,false,false,false,false,false,false,false
8.4601,0.0000,0.0000,0.0000,0.0000,false,false,false,false,false,false,false,false
8.4800,0.0000,0.0000,0.0000,0.0000,false,false,false,false,false,false,false,false
8.5014,0.0000,0.0000,0.0000,0.0000,false,false,false,false,false,false,false,false
8.5201,0.0000,0.0000,0.0000,0.0000,false,false,false,false,false,false,false,false
8.5401,0.0000,0.0000,0.0000,0.0000,false,false,false,false,false,false,false,false
8.5615,0.0000,0.0500,0.0000,0.0000,false,false,false,false,false,false,false,false
8.5801,0.0000,0.2000,0.0000,0.0000,false,false,false,false,false,false,false,false
8.6015,0.0000,0.3500,0.0000,0.0000,false,false,false,false,false,false,false,false
8.6201,0.0000,0.3500,0.0000,0.0000,false,false,false,false,false,false,false,false
8.6401,0.0000,0.5000,0.0000,0.0000,false,false,false,false,false,false,false,false
8.6616,0.0000,0.6500,0.0000,0.0000,false,false,false,false,false,false,false,false
8.6801,0.0000,0.8000,0.0000,0.0000,false,false,false,false,false,false,false,false
8.7015,0.0000,0.9500,0.0000,0.0000,false,false,false,false,false,false,false,false
8.7202,0.0000,0.9500,0.0000,0.0000,false,false,false,false,false,false,false,false
8.7401,0.0000,1.0000,0.0000,0.0000,false,false,false,false,false,false,false,false
8.7615,0.0000,1.0000,0.0000,0.0000,false,false,false,false,false,false,false,false
8.7801,0.0000,1.0000,0.0000,0.0000,false,false,false,false,false,false,false,false
8.8015,0.0000,1.0000,0.0000,0.0000,false,false,false,false,false,false,false,false
8.8202,0.0000,1.0000,0.0000,0.0000,false,false,false,false,false,false,false,false
8.8401,0.0000,1.0000,0.0000,0.0000,false,false,false,false,false,false,false,false
8.8601,0.0000,1.0000,0.0000,0.0000,false,false,false,false,false,false,false,false
8.8817,0.0000,1.0000,0.0000,0.0000,false,false,false,false,false,false,false,false
8.9002,0.0000,1.0000,0.0000,0.0000,false,false,false,false,false,false,false,false
8.9201,0.0000,1.0000,0.0000,0.0000,false,false,false,false,false,false,false,false
8.9416,0.0000,1.0000,0.0000,0.0000,false,false,false,false,false,false,false,false
8.9601,0.0000,1.0000,0.0000,0.0000,false,false,false,false,false,false,false,false
8.9801,0.0000,1.0000,0.0000,0.0000,false,false,false,false,false,false,false,false
9.0015,0.0000,1.0000,0.0000,0.0000,false,false,false,false,false,false,false,false
9.0202,0.0000,1.0000,0.0000,0.0000,false,false,false,false,false,false,false,false
9.0401,0.0000,1.0000,0.0000,0.0000,false,false,false,false,false,false,false,false
9.0615,0.0000,1.0000,0.0000,0.0000,false,false,false,false,false,false,false,false
9.0801,0.0000,0.9500,0.0000,0.0000,false,false,false,false,false,false,false,false
9.1001,0.0000,0.8000,0.0000,0.0000,false,false,false,false,false,false,false,false
9.1215,0.0000,0.8000,0.0000,0.0000,false,false,false,false,false,false,false,false
9.1401,0.0000,0.6500,0.0000,0.0000,false,false,false,false,false,false,false,false
9.1601,0.0000,0.5000,0.0000,0.0000,false,false,false,false,false,false,false,false
9.1816,0.1000,0.3500,0.0000,0.0000,false,false,false,false,false,false,false,false
9.2002,0.1000,0.3500,0.0000,0.0000,false,false,false,false,false,false,false,false
9.2215,0.2500,0.2000,0.0000,0.0000,false,false,false,false,false,false,false,false
9.2402,0.4000,0.0500,0.0000,0.0000,false,false,false,false,false,false,false,false
9.2601,0.5500,0.0000,0.0000,0.0000,false,false,false,false,false,false,false,false
9.2801,0.7000,0.0000,0.0000,0.0000,false,false,false,false,false,false,false,false
9.3019,0.7000,0.0000,0.0000,0.0000,false,false,false,false,false,false,false,false
9.3202,0.8500,0.0000,0.0000,0.0000,false,false,false,false,false,false,false,false
9.3401,1.0000,0.0000,0.0000,0.0000,false,false,false,false,false,false,false,false
9.3618,1.0000,0.0000,0.0000,0.0000,false,false,false,false,false,false,false,false
9.3802,1.0000,0.0000,0.0000,0.0000,false,false,false,false,false,false,false,false
9.4018,1.0000,0.0000,0.0000,0.0000,false,false,false,false,false,false,false,false
9.4201,1.0000,0.0000,0.0000,0.0000,false,false,false,false,false,false,false,false
9.4400,1.0000,0.0000,0.0000,0.0000,false,false,false,false,false,false,false,false
9.4601,1.0000,0.0000,0.0000,0.0000,false,false,false,false,false,false,false,false
9.4817,1.0000,0.0000,0.0000,0.0000,false,false,false,false,false,false,false,false
9.5001,1.0000,0.0000,0.0000,0.0000,false,false,false,false,false,false,false,false
9.5217,1.0000,0.0000,0.0000,0.0000,false,false,false,false,false,false,false,false
9.5401,1.0000,0.0000,0.0000,0.0000,false,false,false,false,false,false,false,false
9.5601,1.0000,0.0000,0.0000,0.0000,false,false,false,false,false,false,false,false
9.5817,1.0000,0.0000,0.0000,0.0000,false,false,false,false,false,false,false,false
9.6001,1.0000,0.0000,0.0000,0.0000,false,false,false,false,false,false,false,false
9.6217,1.0000,0.0000,0.0000,0.0000,false,false,false,false,false,false,false,false
9.6401,0.8500,0.0000,0.0000,0.0000,false,false,false,false,false,false,false,false
9.6601,0.7000,0.0000,0.0000,0.0000,false,false,false,false,false,false,false,false
9.6817,0.5500,0.0000,0.0000,0.0000,false,false,false,false,false,false,false,false
9.7002,0.5500,0.0000,0.0000,0.0000,false,false,false,false,false,false,false,false
9.7201,0.4000,0.0000,0.0000,0.0000,false,false,false,false,false,false,false,false
9.7401,0.2500,0.0000,0.0000,0.0000,false,false,false,false,false,false,false,false
9.7619,0.1000,0.0000,0.0000,0.0000,false,false,false,false,false,false,false,false
9.7802,0.0000,0.0000,0.0000,0.0000,false,false,false,false,false,false,false,false
9.8001,0.0000,0.0000,0.0000,0.0000,false,false,false,false,false,false,false,false
9.8218,0.0000,0.0000,0.0000,0.0000,false,false,false,false,false,false,false,false
9.8402,0.0000,0.0000,0.0000,0.0000,false,false,false,false,false,false,false,false
9.8601,0.0000,0.0000,0.0500,0.0000,false,false,false,false,false,false,false,false
9.8801,0.0000,0.0000,0.2000,0.0000,false,false,false,false,false,false,false,false
9.9018,0.0000,0.0000,0.2000,0.0000,false,false,false,false,false,false,false,false
9.9202,0.0000,0.0000,0.3500,0.0000,false,false,false,false,false,false,false,false
9.9417,0.0000,0.0000,0.5000,0.0000,false,false,false,false,false,false,false,false
9.9602,0.0000,0.0000,0.6500,0.0000,false,false,false,false,false,false,false,false
9.9801,0.0000,0.0000,0.6500,0.0000,false,false,false,false,false,false,false,false
10.0001,0.0000,0.0000,0.8000,0.0000,false,false,false,false,false,false,false,false
10.0217,0.0000,0.0000,0.6500,0.0000,false,false,false,false,false,false,false,false
10.0401,0.0000,0.0000,0.5000,0.0000,false,false,false,false,false,false,false,false
10.0616,0.0000,0.0000,0.3500,0.0000,false,false,false,false,false,false,false,false
10.0802,0.0000,0.0000,0.3500,0.0000,false,false,false,false,false,false,false,false
10.1001,0.0000,0.0000,0.2000,0.0000,false,false,false,false,false,false,false,false
10.1213,0.0000,0.0000,0.0500,0.0000,false,false,false,false,false,false,false,false
10.1402,0.0000,0.0000,0.0000,0.0000,false,false,false,false,false,false,false,false
10.1613,0.0000,0.0000,0.0000,0.0000,false,false,false,false,false,false,false,false
10.1801,0.0000,0.0000,0.0000,0.0000,false,false,false,false,false,false,false,false
10.2001,0.0000,0.0000,0.0000,0.0000,false,false,false,false,false,false,false,false
10.2212,0.0000,0.0000,-0.1500,0.0000,false,false,false,false,false,false,false,false
10.2402,0.0000,0.0000,-0.3000,0.0000,false,false,false,false,false,false,false,false
10.2612,0.0000,0.0000,-0.4500,0.0000,false,false,false,false,false,false,false,false
10.2802,0.0000,0.0000,-0.4500,0.0000,false,false,false,false,false,false,false,false
10.3001,0.0000,0.0000,-0.6000,0.0000,false,false,false,false,false,false,false,false
10.3210,0.0000,0.0000,-0.7500,0.0000,false,false,false,false,false,false,false,false
10.3402,0.0000,0.0000,-0.9000,0.0000,false,false,false,false,false,false,false,false
10.3601,0.0000,0.0000,-1.0000,0.0000,false,false,false,false,false,false,false,false
10.3810,0.0000,0.0000,-1.0000,0.0000,false,false,false,false,false,false,false,false
10.4001,0.0000,0.0000,-1.0000,0.0000,false,false,false,false,false,false,false,false
10.4210,0.0000,0.0000,-1.0000,0.0000,false,false,false,false,false,false,false,false
10.4401,0.0000,0.0000,-1.0000,0.0000,false,false,false,false,false,false,false,false
10.4600,0.0000,0.0000,-1.0000,0.0000,false,false,false,false,false,false,false,false
10.4800,0.0000,0.0000,-1.0000,0.0000,false,false,false,false,false,false,false,false
10.5009,0.0000,0.0000,-1.0000,0.0000,false,false,false,false,false,false,false,false
10.5201,0.0000,0.0000,-1.0000,0.0000,false,false,false,false,false,false,false,false
10.5410,0.0000,0.0000,-1.0000,0.0000,false,false,false,false,false,false,false,false
10.5602,0.0000,0.0000,-0.9000,0.0000,false,false,false,false,false,false,false,false
10.5801,0.0000,0.0000,-0.9000,0.0000,false,false,false,false,false,false,false,false
10.6012,0.0000,0.0000,-0.7500,0.0000,false,false,false,false,false,false,false,false
10.6201,0.0000,0.0000,-0.6000,0.0000,false,false,false,false,false,false,false,false
10.6412,0.0000,0.0000,-0.4500,0.0000,false,false,false,false,false,false,false,false
10.6601,0.0000,0.0000,-0.3000,0.0000,false,false,false,false,false,false,false,false
10.6800,0.0000,0.0000,-0.3000,0.0000,false,false,false,false,false,false,false,false
10.7012,0.0000,0.0000,-0.1500,0.0000,false,false,false,false,false,false,false,false
10.7201,0.0000,0.0000,0.0000,0.0000,false,false,false,false,false,false,false,false
10.7401,0.0000,0.0000,0.0000,0.0000,false,false,false,false,false,false,false,false
10.7628,0.0000,0.0000,0.0000,0.0000,false,false,false,false,false,false,false,false
10.7802,0.0000,0.0000,0.0000,0.0000,false,false,false,false,false,false,false,false
10.8001,0.0000,0.0000,0.0000,0.0000,false,false,false,false,false,false,false,false
10.8201,0.0000,0.0000,0.0000,0.0000,false,false,false,false,false,false,false,false
10.8401,0.0000,0.0000,-0.1000,0.0000,false,false,false,false,false,false,false,false
10.8635,0.0000,0.0000,-0.1000,0.0000,false,false,false,false,false,false,false,false
10.8803,0.0000,0.0000,-0.2500,0.0000,false,false,false,false,false,false,false,false
10.9002,0.0000,0.0000,-0.4000,0.0000,false,false,false,false,false,false,false,false
10.9237,0.0000,0.0000,-0.3500,0.0000,false,false,false,false,false,false,false,false
10.9402,0.0000,0.0000,-0.2000,0.0000,false,false,false,false,false,false,false,false
10.9601,0.0000,0.0000,-0.2000,0.0000,false,false,false,false,false,false,false,false
10.9823,0.0000,0.0000,-0.0500,0.0000,false,false,false,false,false,false,false,false
11.0001,0.0000,0.0000,0.0000,0.0000,false,false,false,false,false,false,false,false
11.0201,0.0000,0.0000,0.0000,0.0000,false,false,false,false,false,false,false,false
11.0430,0.0000,0.0000,0.0000,0.0000,false,false,false,false,false,false,false,false
11.0603,0.0000,0.0000,0.0000,0.0000,false,false,false,false,false,false,false,false
11.0835,0.0000,0.0000,0.0000,0.0000,false,false,false,false,false,false,false,false
11.1002,0.0000,0.0000,0.0000,0.0000,false,false,false,false,false,false,false,false
11.1201,0.0000,0.0000,0.0000,0.0000,false,false,false,false,false,false,false,false
11.1427,0.0000,0.0000,0.0000,0.0000,false,false,false,false,false,false,false,false
11.1601,0.0000,0.0000,0.0000,0.0000,false,false,false,false,false,false,false,false
11.1800,0.0000,0.0000,0.0000,0.0000,false,false,false,false,false,false,false,false
11.2020,0.0000,0.0000,0.1500,0.0000,false,false,false,false,false,false,false,false
11.2201,0.0000,0.0000,0.3000,0.0000,false,false,false,false,false,false,false,false
11.2400,0.0000,0.0000,0.3500,0.0000,false,false,false,false,false,false,false,false
11.2620,0.0000,0.0000,0.3500,0.0000,false,false,false,false,false,false,false,false
11.2801,0.0000,0.0000,0.2000,0.0000,false,false,false,false,false,false,false,false
11.3019,0.0000,0.0000,0.0500,0.0000,false,false,false,false,false,false,false,false
11.3202,0.0000,0.0000,0.0000,0.0000,false,false,false,false,false,false,false,false
11.3400,0.0000,0.0000,0.0000,0.0000,false,false,false,false,false,false,false,false
11.3619,0.0000,0.0000,0.0000,0.0000,false,false,false,false,false,false,false,false
11.3801,0.0000,0.0000,0.0000,0.0000,false,false,false,false,false,false,false,false
11.4000,0.0000,0.0000,0.0000,0.0000,false,false,false,false,false,false,false,false
11.4218,0.0000,0.0000,0.0000,0.0000,false,false,false,false,false,false,false,false
11.4401,0.0000,0.0000,0.0000,0.0000,false,false,false,false,false,false,false,false
11.4618,0.0000,0.0000,0.0000,0.0000,false,false,false,false,false,false,false,false
11.4801,0.0000,0.0000,0.0000,0.0000,false,false,false,false,false,false,false,false
11.5000,0.0000,0.0000,0.0000,0.0000,false,false,false,false,false,false,false,false
11.5218,0.0000,0.0000,0.0000,0.0000,false,false,false,false,false,false,false,false
11.5401,0.0000,0.0000,0.0000,0.0000,false,false,false,false,false,false,false,false
11.5600,0.0000,0.0000,0.0000,0.0000,false,false,false,false,false,false,false,false
11.5818,0.0000,0.0000,0.1000,0.0000,false,false,false,false,false,false,false,false
11.6001,0.0000,0.0000,0.2500,0.0000,false,false,false,false,false,false,false,false
11.6218,0.0000,0.0000,0.4000,0.0000,false,false,false,false,false,false,false,false
11.6402,0.0000,0.0000,0.4000,0.0000,false,false,false,false,false,false,false,false
11.6600,0.0000,0.0000,0.5500,0.0000,false,false,false,false,false,false,false,false
11.6819,0.0000,0.0000,0.7000,0.0000,false,false,false,false,false,false,false,false
11.7001,0.0000,0.0000,0.8500,0.0000,false,false,false,false,false,false,false,false
11.7200,0.0000,0.0000,0.7000,0.0000,false,false,false,false,false,false,false,false
11.7422,0.0000,0.0000,0.7000,0.0000,false,false,false,false,false,false,false,false
11.7602,0.0000,0.0000,0.5500,0.0000,false,false,false,false,false,false,false,false
11.7801,0.0000,0.0000,0.4000,0.0000,false,false,false,false,false,false,false,false
11.8034,0.0000,0.0000,0.2500,0.0000,false,false,false,false,false,false,false,false
11.8202,0.0000,0.0000,0.1000,0.0000,false,false,false,false,false,false,false,false
11.8401,0.0000,0.0000,0.1000,0.0000,false,false,false,false,false,false,false,false
11.8633,0.0000,0.0000,0.0000,0.0000,false,false,false,false,false,false,false,false
11.8803,0.0000,0.0000,0.0000,0.0000,false,false,false,false,false,false,false,false
11.9033,0.0000,0.0000,0.0000,0.0000,false,false,false,false,false,false,false,false
11.9202,0.0000,0.0000,0.0000,0.0000,false,false,false,false,false,false,false,false
11.9401,0.0000,0.0000,0.0000,0.0000,false,false,false,false,false,false,false,false
11.9634,0.0000,0.0000,0.0000,0.0000,false,false,false,false,false,false,false,false
11.9802,0.0000,0.0000,0.0000,0.0000,false,false,false,false,false,false,false,false
12.0001,0.0000,0.0000,0.0000,0.0000,false,false,false,false,false,false,false,false
12.0234,0.0000,0.0000,0.0000,0.0000,false,false,false,false,false,false,false,false
12.0403,0.0000,0.0000,0.0000,0.0000,false,false,false,false,false,false,false,false
12.0601,0.0000,0.0000,0.0000,0.0000,false,false,false,false,false,false,false,false
12.0801,0.0000,0.0000,0.0000,0.0000,false,false,false,false,false,false,false,false
12.1036,0.0000,0.0000,0.0000,0.0000,false,false,false,false,false,false,false,false
12.1202,0.0000,0.0000,0.0000,0.0000,false,false,false,false,false,false,false,false
12.1435,0.0000,0.0000,0.0000,0.0000,false,false,false,false,false,false,false,false
12.1603,0.0000,0.0000,0.0000,0.0000,false,false,false,false,false,false,false,false
12.1801,0.0000,0.0000,0.0000,0.0000,false,false,false,false,false,false,false,false
12.2035,0.0000,0.0000,0.0000,0.0000,false,false,false,false,false,false,false,false
12.2203,0.0000,0.0000,0.0000,0.0000,false,false,false,false,false,false,false,false
12.2401,0.0000,0.0000,0.0000,0.0000,false,false,false,false,false,false,false,false
12.2630,0.0000,0.0000,-0.0500,0.0000,false,false,false,false,false,false,false,false
12.2801,0.0000,0.0000,-0.2000,0.0000,false,false,false,false,false,false,false,false
12.3000,0.0000,0.0000,-0.3500,0.0000,false,false,false,false,false,false,false,false
12.3221,0.0000,0.0000,-0.3500,0.0000,false,false,false,false,false,false,false,false
12.3402,0.0000,0.0000,-0.3000,0.0000,false,false,false,false,false,false,false,false
12.3601,0.0000,0.0000,-0.1500,0.0000,false,false,false,false,false,false,false,false
12.3820,0.0000,0.0000,-0.0000,0.0000,false,false,false,false,false,false,false,false
12.4002,0.0000,0.0000,0.0000,0.0000,false,false,false,false,false,false,false,false
12.4201,0.0000,0.0000,0.0000,0.0000,false,false,false,false,false,false,false,false
12.4420,0.0000,0.0000,0.0000,0.0000,false,false,false,false,false,false,false,false
12.4601,0.0000,0.0000,0.0000,0.0000,false,false,false,false,false,false,false,false
12.4819,0.0000,0.0000,0.0000,0.0000,false,false,false,false,false,false,false,false
12.5001,0.0000,0.0000,0.0000,0.0000,false,false,false,false,false,false,false,false
12.5201,0.0000,0.0000,0.0000,0.0000,false,false,false,false,false,false,false,false
12.5400,0.0000,0.0000,0.0000,0.0000,false,false,false,false,false,false,false,false
12.5618,0.0000,0.0000,0.0000,0.0000,false,false,false,false,false,false,false,false
12.5801,0.0000,0.0000,0.0000,0.0000,false,false,false,false,false,false,false,false
12.6019,0.0000,0.0000,0.0000,0.0000,false,false,false,false,false,false,false,false
12.6201,0.0000,0.0000,0.0000,0.0000,false,false,false,false,false,false,false,false
12.6400,0.0000,0.0000,0.0000,0.0000,false,false,false,false,false,false,false,false
12.6619,0.0000,0.0000,0.0000,0.0000,false,false,false,false,false,false,false,false
12.6801,0.0000,0.0000,0.0000,0.0000,false,false,false,false,false,false,false,false
12.7020,0.0000,0.0000,0.0000,0.0000,false,false,false,false,false,false,false,false
12.7201,0.0000,0.0000,0.0000,0.0000,false,false,false,false,false,false,false,false
12.7401,0.0000,0.0000,0.0000,0.0000,false,false,false,false,false,false,false,false
12.7619,0.0000,0.0000,0.0000,0.0000,false,false,false,false,false,false,false,false
12.7801,0.0000,0.0000,0.0000,0.0000,false,false,false,false,false,false,false,false
12.8018,0.0000,0.0000,0.0000,0.0000,false,false,false,false,false,false,false,false
12.8201,0.0000,0.0000,0.0000,0.0000,false,false,false,false,false,false,false,false
12.8400,0.0000,0.0000,0.0000,0.0000,false,false,false,false,false,false,false,false
12.8619,0.0000,0.0000,0.0000,0.0000,false,false,false,false,false,false,false,false
12.8801,0.0000,0.0500,0.0000,0.0000,false,false,false,false,false,false,false,false
12.9000,0.0000,0.2000,0.0000,0.0000,false,false,false,false,false,false,false,false
12.9219,0.0000,0.2000,0.0000,0.0000,false,false,false,false,false,false,false,false
12.9401,0.0000,0.3500,0.0000,0.0000,false,false,false,false,false,false,false,false
12.9601,0.0000,0.5000,0.0000,0.0000,false,false,false,false,false,false,false,false
12.9819,0.0000,0.6500,0.0000,0.0000,false,false,false,false,false,false,false,false
13.0001,0.0000,0.8000,0.0000,0.0000,false,false,false,false,false,false,false,false
13.0221,0.0000,0.8000,0.0000,0.0000,false,false,false,false,false,false,false,false
13.0402,0.0000,0.9500,0.0000,0.0000,false,false,false,false,false,false,false,false
13.0601,0.0000,1.0000,0.0000,0.0000,false,false,false,false,false,false,false,false
13.0821,0.0000,1.0000,0.0000,0.0000,false,false,false,false,false,false,false,false
13.1001,0.0000,1.0000,0.0000,0.0000,false,false,false,false,false,false,false,false
13.1200,0.0000,0.9000,0.0000,0.0000,false,false,false,false,false,false,false,false
13.1420,0.0000,0.7500,0.0000,0.0000,false,false,false,false,false,false,false,false
13.1601,0.0000,0.6000,0.0000,0.0000,false,false,false,false,false,false,false,false
13.1820,0.0000,0.4500,0.0000,0.0000,false,false,false,false,false,false,false,false
13.2002,0.0000,0.4500,0.0000,0.0000,false,false,false,false,false,false,false,false
13.2201,0.0000,0.3000,0.0000,0.0000,false,false,false,false,false,false,false,false
13.2421,0.0000,0.1500,0.0000,0.0000,false,false,false,false,false,false,false,false
13.2601,0.0000,0.0000,0.0000,0.0000,false,false,false,false,false,false,false,false
13.2821,0.0000,0.0500,0.0000,0.0000,false,false,false,false,false,false,false,false
13.3003,0.0000,0.0500,0.0000,0.0000,false,false,false,false,false,false,false,false
13.3202,0.0000,0.2000,0.0000,0.0000,false,false,false,false,false,false,false,false
13.3435,0.0000,0.3500,0.0000,0.0000,false,false,false,false,false,false,false,false
13.3603,0.0000,0.5000,0.0000,0.0000,false,false,false,false,false,false,false,false
13.3835,0.0000,0.6500,0.0000,0.0000,false,false,false,false,false,false,false,false
13.4003,0.0000,0.6500,0.0000,0.0000,false,false,false,false,false,false,false,false
13.4201,0.0000,0.8000,0.0000,0.0000,false,false,false,false,false,false,false,false
13.4400,0.0000,0.9500,0.0000,0.0000,false,false,false,false,false,false,false,false
13.4623,0.0000,1.0000,0.0000,0.0000,false,false,false,false,false,false,false,false
13.4801,0.0000,1.0000,0.0000,0.0000,false,false,false,false,false,false,false,false
13.5018,0.0000,1.0000,0.0000,0.0000,false,false,false,false,false,false,false,false
13.5201,0.0000,1.0000,0.0000,0.0000,false,false,false,false,false,false,false,false
13.5401,0.0000,1.0000,0.0000,0.0000,false,false,false,false,false,false,false,false
13.5600,0.0000,1.0000,0.0000,0.0000,false,false,false,false,false,false,false,false
13.5819,0.0000,1.0000,0.0000,0.0000,false,false,false,false,false,false,false,false
13.6001,0.0000,1.0000,0.0000,0.0000,false,false,false,false,false,false,false,false
13.6200,0.0000,1.0000,0.0000,0.0000,false,false,false,false,false,false,false,false
13.6419,0.0000,1.0000,0.0000,0.0000,false,false,false,false,false,false,false,false
13.6601,0.0000,1.0000,0.0000,0.0000,false,false,false,false,false,false,false,false
13.6800,0.0000,1.0000,0.0000,0.0000,false,false,false,false,false,false,false,false
13.7000,0.0000,1.0000,0.0000,0.0000,false,false,false,false,false,false,false,false
13.7218,0.0000,1.0000,0.0000,0.0000,false,false,false,false,false,false,false,false
13.7401,0.0000,1.0000,0.0000,0.0000,false,false,false,false,false,false,false,false
13.7600,0.0000,1.0000,0.0000,0.0000,false,false,false,false,false,false,false,false
13.7817,0.0000,1.0000,0.0000,0.0000,false,false,false,false,false,false,false,false
13.8001,0.0000,1.0000,0.0000,0.0000,false,false,false,false,false,false,false,false
13.8200,0.0000,0.8500,0.0000,0.0000,false,false,false,false,false,false,false,false
13.8418,0.0000,0.7000,0.0000,0.0000,false,false,false,false,false,false,false,false
13.8602,0.0000,0.5500,0.0000,0.0000,false,false,false,false,false,false,false,false
13.8801,0.0000,0.5500,0.0000,0.0000,false,false,false,false,false,false,false,false
13.9027,0.0000,0.4000,0.0000,0.0000,false,false,false,false,false,false,false,false
13.9201,0.0000,0.2500,0.0000,0.0000,false,false,false,false,false,false,false,false
13.9401,0.0000,0.1000,0.0000,0.0000,false,false,false,false,false,false,false,false
13.9618,0.0000,0.0000,0.0000,0.0000,false,false,false,false,false,false,false,false
13.9801,0.0000,0.0000,0.0000,0.0000,false,false,false,false,false,false,false,false
14.0000,0.0000,0.0000,0.0000,0.0000,false,false,false,false,false,false,false,false
14.0217,0.0000,0.0000,0.0000,0.0000,false,false,false,false,false,false,false,false
14.0401,0.0000,0.0000,0.0000,0.0000,false,false,false,false,false,false,false,false
14.0600,0.0000,0.0000,0.0000,0.0000,false,false,false,false,false,false,false,false
14.0800,0.0000,0.0000,0.0000,0.0000,false,false,false,false,false,false,false,false
14.1015,0.0000,0.0000,0.0000,0.0000,false,false,false,false,false,false,false,false
14.1201,0.0000,0.0000,0.0000,0.0000,false,false,false,false,false,false,false,false
14.1401,0.0000,0.1500,0.0000,0.0000,false,false,false,false,false,false,false,false
14.1615,0.0000,0.3000,0.0000,0.0000,false,false,false,false,false,false,false,false
14.1801,0.0000,0.3000,0.0000,0.0000,false,false,false,false,false,false,false,false
14.2001,0.0000,0.4500,0.0000,0.0000,false,false,false,false,false,false,false,false
14.2222,0.0000,0.4000,0.0000,0.0000,false,false,false,false,false,false,false,false
14.2401,0.0000,0.2500,0.0000,0.0000,false,false,false,false,false,false,false,false
14.2601,0.0000,0.1000,0.0000,0.0000,false,false,false,false,false,false,false,false
14.2815,0.0000,0.1000,0.0000,0.0000,false,false,false,false,false,false,false,false
14.3001,0.0000,0.0000,0.0000,0.0000,false,false,false,false,false,false,false,false
14.3217,0.0000,0.0000,0.0000,0.0000,false,false,false,false,false,false,false,false
14.3402,0.0000,0.0000,0.0000,0.0000,false,false,false,false,false,false,false,false
14.3600,0.0000,0.0000,0.0000,0.0000,false,false,false,false,false,false,false,false
14.3815,0.0000,0.0000,0.0000,0.0000,false,false,false,false,false,false,false,false
14.4001,0.0000,0.0000,0.0000,0.0000,false,false,false,false,false,false,false,false
14.4216,0.0000,0.0000,0.0000,0.0000,false,false,false,false,false,false,false,false
14.4401,0.0000,0.0000,0.0000,0.0000,false,false,false,false,false,false,false,false
14.4601,0.0000,0.0000,0.0000,0.0000,false,false,false,false,false,false,false,false
14.4814,0.0000,0.0000,0.0000,0.0000,false,false,false,false,false,false,false,false
14.5002,0.0000,-0.1500,0.0000,0.0000,false,false,false,false,false,false,false,false
14.5200,0.0000,-0.3000,0.0000,0.0000,false,false,false,false,false,false,false,false
14.5416,0.0000,-0.4500,0.0000,0.0000,false,false,false,false,false,false,false,false
14.5602,0.0000,-0.4500,0.0000,0.0000,false,false,false,false,false,false,false,false
14.5800,0.0000,-0.6000,0.0000,0.0000,false,false,false,false,false,false,false,false
14.6015,0.0000,-0.7500,0.0000,0.0000,false,false,false,false,false,false,false,false
14.6202,0.0000,-0.9000,0.0000,0.0000,false,false,false,false,false,false,false,false
14.6400,0.0000,-1.0000,0.0000,0.0000,false,false,false,false,false,false,false,false
14.6616,0.0000,-1.0000,0.0000,0.0000,false,false,false,false,false,false,false,false
14.6802,0.0000,-1.0000,0.0000,0.0000,false,false,false,false,false,false,false,false
14.7000,0.0000,-1.0000,0.0000,0.0000,false,false,false,false,false,false,false,false
14.7218,0.0000,-0.8500,0.0000,0.0000,false,false,false,false,false,false,false,false
14.7402,0.0000,-0.7000,0.0000,0.0000,false,false,false,false,false,false,false,false
14.7600,0.0000,-0.7000,0.0000,0.0000,false,false,false,false,false,false,false,false
14.7828,0.0000,-0.5500,0.0000,0.0000,false,false,false,false,false,false,false,false
14.8001,0.0000,-0.4000,0.0000,0.0000,false,false,false,false,false,false,false,false
14.8215,0.0000,-0.2500,0.0000,0.0000,false,false,false,false,false,false,false,false
14.8412,0.0000,-0.1000,0.0000,0.0000,false,false,false,false,false,false,false,false
14.8601,0.0000,-0.1000,0.0000,0.0000,false,false,false,false,false,false,false,false
14.8817,0.0000,0.0000,0.0000,0.0000,false,false,false,false,false,false,false,false
14.9003,0.0000,0.0000,0.0000,0.0000,false,false,false,false,false,false,false,false
14.9201,0.0000,0.0000,0.0000,0.0000,false,false,false,false,false,false,false,false
14.9420,0.0000,0.0000,0.0000,0.0000,false,false,false,false,false,false,false,false
14.9601,0.0000,0.0000,0.0000,0.0000,false,false,false,false,false,false,false,false
14.9816,0.0000,0.0000,0.0000,0.0000,false,false,false,false,false,false,false,false
15.0001,0.0000,0.0000,0.0000,0.0000,false,false,false,false,false,false,false,false
15.0201,0.0000,-0.1500,0.0000,0.0000,false,false,false,false,false,false,false,false
15.0418,0.0000,-0.3000,0.0000,0.0000,false,false,false,false,false,false,false,false
15.0601,0.0000,-0.3000,0.0000,0.0000,false,false,false,false,false,false,false,false
15.0801,0.0000,-0.4500,0.0000,0.0000,false,false,false,false,false,false,false,false
15.1001,0.0000,-0.6000,0.0000,0.0000,false,false,false,false,false,false,false,false
15.1215,0.0000,-0.4500,0.0000,0.0000,false,false,false,false,false,false,false,false
15.1402,0.0000,-0.3000,0.0000,0.0000,false,false,false,false,false,false,false,false
15.1615,0.0000,-0.3000,0.0000,0.0000,false,false,false,false,false,false,false,false
15.1801,0.0000,-0.1500,0.0000,0.0000,false,false,false,false,false,false,false,false
15.2001,0.0000,-0.0000,0.0000,0.0000,false,false,false,false,false,false,false,false
15.2218,0.0000,0.0000,0.0000,0.0000,false,false,false,false,false,false,false,false
15.2402,0.0000,0.0000,0.0000,0.0000,false,false,false,false,false,false,false,false
15.2600,0.0000,0.0000,0.0000,0.0000,false,false,false,false,false,false,false,false
15.2816,0.0000,0.0000,0.0000,0.0000,false,false,false,false,false,false,false,false
15.3001,0.0000,0.0000,0.0000,0.0000,false,false,false,false,false,false,false,false
15.3200,0.0000,0.0000,0.0000,0.0000,false,false,false,false,false,false,false,false
15.3415,0.0000,0.0000,0.0000,0.0000,false,false,false,false,false,false,false,false
15.3601,0.0000,0.0000,0.0000,0.0000,false,false,false,false,false,false,false,false
15.3801,0.0000,0.0000,0.0000,0.0000,false,false,false,false,false,false,false,false
15.4015,0.0000,0.0000,0.0000,0.0000,false,false,false,false,false,false,false,false
15.4201,0.0000,0.0000,0.0000,0.0000,false,false,false,false,false,false,false,false
15.4401,0.0000,0.0000,0.0000,0.0000,false,false,false,false,false,false,false,false
15.4615,0.0000,0.0000,0.0000,0.0000,false,false,false,false,false,false,false,false
15.4801,0.0000,0.0000,0.0000,0.0000,false,false,false,false,false,false,false,false
15.5000,0.0000,0.0000,0.0000,0.0000,false,false,false,false,false,false,false,false
15.5214,0.0000,0.0000,0.0000,0.0000,false,false,false,false,false,false,false,false
15.5401,0.0000,0.0000,0.0000,0.0000,false,false,false,false,false,false,false,false
15.5600,0.0000,0.0000,0.0000,0.0000,false,false,false,false,false,false,false,false
15.5814,0.0000,0.0000,0.0000,0.0000,false,false,false,false,false,false,false,false
15.6001,0.0000,0.0000,0.0000,0.0000,false,false,false,false,false,false,false,false
15.6200,0.0000,0.0000,0.0000,0.0000,false,false,false,false,false,false,false,false
15.6415,0.0000,0.0000,0.0000,0.0000,false,false,false,false,false,false,false,false
15.6601,0.0000,0.0000,0.0000,0.0000,false,false,false,false,false,false,false,false
15.6815,0.0000,0.0000,0.0000,0.0000,false,false,false,false,false,false,false,false
15.7001,0.0000,0.0000,0.0000,0.0000,false,false,false,false,false,false,false,false
15.7200,0.0000,-0.1500,0.0000,0.0000,false,false,false,false,false,false,false,false
15.7415,0.0000,-0.1500,0.0000,0.0000,false,false,false,false,false,false,false,false
15.7601,0.0000,-0.3000,0.0000,0.0000,false,false,false,false,false,false,false,false
15.7801,0.0000,-0.4500,0.0000,0.0000,false,false,false,false,false,false,false,false
15.8015,0.0000,-0.4000,0.0000,0.0000,false,false,false,false,false,false,false,false
15.8201,0.0000,-0.2500,0.0000,0.0000,false,false,false,false,false,false,false,false
15.8416,0.0000,-0.2500,0.0000,0.0000,false,false,false,false,false,false,false,false
15.8601,0.0000,-0.1000,0.0000,0.0000,false,false,false,false,false,false,false,false
15.8801,0.0000,0.0000,0.0000,0.0000,false,false,false,false,false,false,false,false
15.9016,0.0000,0.0000,0.0000,0.0000,false,false,false,false,false,false,false,false
15.9201,0.0000,0.0000,0.0000,0.0000,false,false,false,false,false,false,false,false
15.9401,0.0000,0.0000,0.0000,0.0000,false,false,false,false,false,false,false,false
15.9615,0.0000,0.0000,0.0000,0.0000,false,false,false,false,false,false,false,false
15.9801,0.0000,0.0000,0.0000,0.0000,false,false,false,false,false,false,false,false
16.0015,0.0000,0.0000,0.0000,0.0000,false,false,false,false,false,false,false,false
16.0201,0.0000,0.0000,0.0000,0.0000,false,false,false,false,false,false,false,false
16.0400,0.0000,0.0000,0.0000,0.0000,false,false,false,false,false,false,false,false
16.0614,0.0000,0.0000,0.0000,0.0000,false,false,false,false,false,false,false,false
16.0801,0.0000,0.0000,0.0000,0.0000,false,false,false,false,false,false,false,false
16.1000,0.0000,0.0000,0.0000,0.0000,false,false,false,false,false,false,false,false
16.1217,0.0000,0.0000,0.0000,0.0000,false,false,false,false,false,false,false,false
16.1401,0.0000,0.0000,0.0000,0.0000,false,false,false,false,false,false,false,false
16.1600,0.0000,0.0000,0.0000,0.0000,false,false,false,false,false,false,false,false
16.1814,0.0500,0.0000,0.0000,0.0000,false,false,false,false,false,false,false,false
16.2001,0.2000,0.0000,0.0000,0.0000,false,false,false,false,false,false,false,false
16.2217,0.2000,0.0000,0.0000,0.0000,false,false,false,false,false,false,false,false
16.2401,0.3500,0.0000,0.0000,0.0000,false,false,false,false,false,false,false,false
16.2601,0.5000,0.0000,0.0000,0.0000,false,false,false,false,false,false,false,false
16.2817,0.6500,0.0000,0.0000,0.0000,false,false,false,false,false,false,false,false
16.3001,0.8000,0.0000,0.0000,0.0000,false,false,false,false,false,false,false,false
16.3201,0.8000,0.0000,0.0000,0.0000,false,false,false,false,false,false,false,false
16.3418,0.7500,0.0000,0.0000,0.0000,false,false,false,false,false,false,false,false
16.3601,0.6000,0.0000,0.0000,0.0000,false,false,false,false,false,false,false,false
16.3801,0.4500,0.0000,0.0000,0.0000,false,false,false,false,false,false,false,false
16.4001,0.3000,0.0000,0.0000,0.0000,false,false,false,false,false,false,false,false
16.4216,0.3000,0.0000,0.0000,0.0000,false,false,false,false,false,false,false,false
16.4401,0.1500,0.0000,0.0000,0.0000,false,false,false,false,false,false,false,false
16.4600,0.0000,0.0000,0.0000,0.0000,false,false,false,false,false,false,false,false
16.4816,0.0000,0.0000,0.0000,0.0000,false,false,false,false,false,false,false,false
16.5001,0.0000,0.0000,0.0000,0.0000,false,false,false,false,false,false,false,false
16.5200,0.0000,0.0000,0.0000,0.0000,false,false,false,false,false,false,false,false
16.5415,0.0000,0.0000,0.0000,0.0000,false,false,false,false,false,false,false,false
16.5601,0.1500,0.0000,0.0000,0.0000,false,false,false,false,false,false,false,false
16.5814,0.3000,0.0000,0.0000,0.0000,false,false,false,false,false,false,false,false
16.6001,0.4500,0.0000,0.0000,0.0000,false,false,false,false,false,false,false,false
16.6200,0.4500,0.0000,0.0000,0.0000,false,false,false,false,false,false,false,false
16.6415,0.6000,0.0000,0.0000,0.0000,false,false,false,false,false,false,false,false
16.6601,0.5500,0.0000,0.0000,0.0000,false,false,false,false,false,false,false,false
16.6800,0.4000,0.0000,0.0000,0.0000,false,false,false,false,false,false,false,false
16.7014,0.2500,0.0000,0.0000,0.0000,false,false,false,false,false,false,false,false
16.7201,0.2500,0.0000,0.0000,0.0000,false,false,false,false,false,false,false,false
16.7417,0.1000,0.0000,0.0000,0.0000,false,false,false,false,false,false,false,false
16.7601,0.0000,0.0000,0.0000,0.0000,false,false,false,false,false,false,false,false
16.7800,0.0000,0.0000,0.0000,0.0000,false,false,false,false,false,false,false,false
16.8015,0.0000,0.0000,0.0000,0.0000,false,false,false,false,false,false,false,false
16.8201,0.0000,0.0000,0.0000,0.0000,false,false,false,false,false,false,false,false
16.8401,0.0000,0.0000,0.0000,0.0000,false,false,false,false,false,false,false,false
16.8616,0.0000,0.0000,0.0000,0.0000,false,false,false,false,false,false,false,false
16.8801,0.0000,0.0000,0.0000,0.0000,false,false,false,false,false,false,false,false
16.9019,0.0000,0.0000,0.0000,0.0000,false,false,false,false,false,false,false,false
16.9201,0.0000,0.0000,0.0000,0.0000,false,false,false,false,false,false,false,false
16.9400,0.0000,0.0000,0.0000,0.0000,false,false,false,false,false,false,false,false
16.9615,0.0000,0.0000,0.0000,0.0000,false,false,false,false,false,false,false,false
16.9801,0.0000,0.0000,0.0000,0.0000,false,false,false,false,false,false,false,false
17.0000,0.0000,0.0000,0.0000,0.0000,false,false,false,false,false,false,false,false
17.0215,0.0000,0.0000,0.0000,0.0000,false,false,false,false,false,false,false,false
17.0401,0.0000,0.0000,0.0000,0.0000,false,false,false,false,false,false,false,false
17.0616,0.0000,0.0000,0.0000,0.0000,false,false,false,false,false,false,false,false
17.0801,0.0000,0.0000,0.0000,0.0000,false,false,false,false,false,false,false,false
17.1000,0.0000,0.0000,0.0000,0.0000,false,false,false,false,false,false,false,false
17.1216,-0.1000,0.0000,0.0000,0.0000,false,false,false,false,false,false,false,false
17.1401,-0.2500,0.0000,0.0000,0.0000,false,false,false,false,false,false,false,false
17.1615,-0.3000,0.0000,0.0000,0.0000,false,false,false,false,false,false,false,false
17.1801,-0.1500,0.0000,0.0000,0.0000,false,false,false,false,false,false,false,false
17.2000,-0.1500,0.0000,0.0000,0.0000,false,false,false,false,false,false,false,false
17.2216,-0.0000,0.0000,0.0000,0.0000,false,false,false,false,false,false,false,false
17.2402,0.0000,0.0000,0.0000,0.0000,false,false,false,false,false,false,false,false
17.2616,0.0000,0.0000,0.0000,0.0000,false,false,false,false,false,false,false,false
17.2801,0.0000,0.0000,0.0000,0.0000,false,false,false,false,false,false,false,false
17.3000,0.0000,0.0000,0.0000,0.0000,false,false,false,false,false,false,false,false
17.3216,0.0000,0.0000,0.0000,0.0000,false,false,false,false,false,false,false,false
17.3402,0.0000,0.0000,0.0000,0.0000,false,false,false,false,false,false,false,false
17.3618,0.0000,0.0000,0.0000,0.0000,false,false,false,false,false,false,false,false
17.3801,0.0000,0.0000,0.0000,0.0000,false,false,false,false,false,false,false,false
17.4001,0.0000,0.0000,0.0000,0.0000,false,false,false,false,false,false,false,false
17.4200,0.0000,0.0000,0.0000,0.0000,false,false,false,false,false,false,false,false
17.4417,0.0000,0.0000,0.0000,0.0000,false,false,false,false,false,false,false,false
17.4601,0.0000,0.0000,0.0000,0.0000,false,false,false,false,false,false,false,false
17.4815,0.0000,0.0000,0.0000,0.0000,false,false,false,false,false,false,false,false
17.5001,0.0000,0.0000,0.0000,0.0000,false,false,false,false,false,false,false,false
17.5200,0.0000,0.0000,0.0000,0.0000,false,false,false,false,false,false,false,false
17.5400,0.0000,0.0000,0.0000,0.0000,false,false,false,false,false,false,false,false
17.5615,0.0000,0.0000,0.0000,0.0000,false,false,false,false,false,false,false,false
17.5801,0.0000,0.0000,0.0000,0.0000,false,false,false,false,false,false,false,false
17.6015,0.0000,0.0000,0.0000,0.0000,false,false,false,false,false,false,false,false
17.6201,0.0000,0.0000,0.0000,0.0000,false,false,false,false,false,false,false,false
17.6400,0.0000,0.0000,0.0000,0.0000,false,false,false,false,false,false,false,false
17.6615,0.0000,0.0000,0.0000,0.0000,false,false,false,false,false,false,false,false
17.6801,0.0000,0.0000,0.0000,0.0000,false,false,false,false,false,false,false,false
17.7014,-0.1500,0.0000,0.0000,0.0000,false,false,false,false,false,false,false,false
17.7201,-0.3000,0.0000,0.0000,0.0000,false,false,false,false,false,false,false,false
17.7401,-0.1500,0.0000,0.0000,0.0000,false,false,false,false,false,false,false,false
17.7616,-0.0000,0.0000,0.0000,0.0000,false,false,false,false,false,false,false,false
17.7801,-0.0000,0.0000,0.0000,0.0000,false,false,false,false,false,false,false,false
17.8000,0.0000,0.0000,0.0000,0.0000,false,false,false,false,false,false,false,false
17.8200,0.0000,0.0000,0.0000,0.0000,false,false,false,false,false,false,false,false
17.8415,0.0000,0.0000,0.0000,0.0000,false,false,false,false,false,false,false,false
17.8601,0.0000,0.0000,0.0000,0.0000,false,false,false,false,false,false,false,false
17.8800,0.0000,0.0000,0.0000,0.0000,false,false,false,false,false,false,false,false
17.9014,0.0000,0.0000,0.0000,0.0000,false,false,false,false,false,false,false,false
17.9201,0.0000,0.0000,0.0000,0.0000,false,false,false,false,false,false,false,false
17.9400,0.0000,0.0000,0.0000,0.0000,false,false,false,false,false,false,false,false
17.9615,0.0000,0.0000,0.0000,0.0000,false,false,false,false,false,false,false,false
17.9801,0.0000,0.0000,0.0000,0.0000,false,false,false,false,false,false,false,false
18.0015,0.0000,0.0000,0.0000,0.0000,false,false,false,false,false,false,false,false
18.0201,0.0000,0.0000,0.0000,0.0000,false,false,false,false,false,false,false,false
18.0400,0.0000,0.0000,0.0000,0.0000,false,false,false,false,false,false,false,false
18.0616,0.0000,0.0000,0.0000,0.0000,false,false,false,false,false,false,false,false
18.0801,0.0000,0.0000,0.0000,0.0000,false,false,false,false,false,false,false,false
18.1015,0.0000,0.0000,0.0000,0.0000,false,false,false,false,false,false,false,false
18.1201,0.0000,0.0000,0.0000,0.0000,false,false,false,false,false,false,false,false
18.1400,-0.1500,0.0000,0.0000,0.0000,false,false,false,false,false,false,false,false
18.1614,-0.3000,0.0000,0.0000,0.0000,false,false,false,false,false,false,false,false
18.1801,-0.3000,0.0000,0.0000,0.0000,false,false,false,false,false,false,false,false
18.2015,-0.2500,0.0000,0.0000,0.0000,false,false,false,false,false,false,false,false
18.2201,-0.1000,0.0000,0.0000,0.0000,false,false,false,false,false,false,false,false
18.2400,0.0000,0.0000,0.0000,0.0000,false,false,false,false,false,false,false,false
18.2615,0.0000,0.0000,0.0000,0.0000,false,false,false,false,false,false,false,false
18.2801,0.0000,0.0000,0.0000,0.0000,false,false,false,false,false,false,false,false
18.3001,0.0000,0.0000,0.0000,0.0000,false,false,false,false,false,false,false,false
18.3214,0.0000,0.0000,0.0000,0.0000,false,false,false,false,false,false,false,false
18.3402,0.0000,0.0000,0.0000,0.0000,false,false,false,false,false,false,false,false
18.3614,0.0000,0.0000,0.0000,0.0000,false,false,false,false,false,false,false,false
18.3801,0.0000,0.0000,0.0000,0.0000,false,false,false,false,false,false,false,false
18.4001,0.0000,0.0000,0.0000,0.0000,false,false,false,false,false,false,false,false
18.4214,0.0000,0.0000,0.0000,0.0000,false,false,false,false,false,false,false,false
18.4401,0.0000,0.0000,0.0000,0.0000,false,false,false,false,false,false,false,false
18.4600,0.0000,0.0000,0.0000,0.0000,false,false,false,false,false,false,false,false
18.4814,0.0000,0.0000,0.0000,0.0000,false,false,false,false,false,false,false,false
18.5001,0.0000,0.0000,0.0000,0.0000,false,false,false,false,false,false,false,false
18.5200,0.0000,0.0000,0.0000,0.0000,false,false,false,false,false,false,false,false
18.5400,0.0000,0.0000,0.0000,0.0000,false,false,false,false,false,false,false,false
18.5615,0.0000,0.0000,0.0000,0.0000,false,false,false,false,false,false,false,false
18.5801,0.0000,0.0000,0.0000,0.0000,false,false,false,false,false,false,false,false
18.6000,0.0000,0.0000,0.0000,0.0000,false,false,false,false,false,false,false,false
18.6214,0.0000,0.0000,0.0000,0.0000,false,false,false,false,false,false,false,false
18.6401,0.0000,0.0000,0.0000,0.0000,false,false,false,false,false,false,false,false
18.6615,0.0000,0.0000,0.0000,0.0000,false,false,false,false,false,false,false,false
18.6801,0.0000,0.0000,0.0000,0.0000,false,false,false,false,false,false,false,false
18.7000,0.0000,0.0000,0.0000,0.0000,false,false,false,false,false,false,false,false
18.7215,0.0000,0.0000,0.0000,0.0000,false,false,false,false,false,false,false,false
18.7401,0.0000,0.0000,0.0000,0.0000,false,false,false,false,false,false,false,false
18.7600,0.0000,0.0000,0.0000,0.0000,false,false,false,false,false,false,false,false
18.7800,0.0000,0.0000,0.0000,0.0000,false,false,false,false,false,false,false,false
18.8014,0.0000,0.0000,0.0000,0.0000,false,false,false,false,false,false,false,false
18.8201,0.0000,0.0000,0.0000,0.0000,false,false,false,false,false,false,false,false
18.8400,0.0000,0.0000,0.0000,0.0000,false,false,false,false,false,false,false,false
18.8615,0.0000,0.0000,0.0000,0.0000,false,false,false,false,false,false,false,false
18.8801,0.0000,0.0000,0.0000,0.0000,false,false,false,false,false,false,false,false
18.9001,0.0000,0.0000,0.0000,0.0000,false,false,false,false,false,false,false,false
18.9215,0.0000,0.0000,0.0000,0.0000,false,false,false,false,false,false,false,false
18.9401,0.0000,0.0000,0.0000,0.0000,false,false,false,false,false,false,false,false
18.9614,0.0000,0.0000,0.0000,0.0000,false,false,false,false,false,false,false,false
18.9801,0.0000,0.0000,0.0000,0.0000,false,false,false,false,false,false,false,false
19.0000,0.0000,0.0000,0.0000,0.0000,false,false,false,false,false,false,false,false
19.0215,0.0000,0.0000,0.0000,0.0000,false,false,false,false,false,false,false,false
19.0401,0.0000,0.0000,0.0000,0.0000,false,false,false,false,false,false,false,false
19.0600,0.0000,0.0000,0.0000,0.0000,false,false,false,false,false,false,false,false
19.0817,0.0000,0.0000,0.0000,0.0000,false,false,false,false,false,false,false,false
19.1001,0.0000,0.0000,0.0000,0.0000,false,false,false,false,false,false,false,false
19.1200,0.0000,0.0000,0.0000,0.0000,false,false,false,false,false,false,false,false
19.1414,0.0000,0.0000,0.0000,0.0000,false,false,false,false,false,false,false,false
19.1601,0.0000,0.0000,0.0000,0.0000,false,false,false,false,false,false,false,false
19.1814,0.0000,0.0000,0.0000,0.0000,false,false,false,false,false,false,false,false
19.2001,0.0000,0.0000,0.0000,0.0000,false,false,false,false,false,false,false,false
19.2201,0.0000,0.0000,0.0000,0.0000,false,false,false,false,false,false,false,false
19.2415,0.0000,0.0000,0.0000,0.0000,false,false,false,false,false,false,false,false
19.2601,0.0000,0.0000,0.0000,0.0000,false,false,false,false,false,false,false,false
19.2814,0.0000,0.0000,0.0000,0.0000,false,false,false,false,false,false,false,false
19.3001,0.0000,0.0000,0.0000,0.0000,false,false,false,false,false,false,false,false
19.3200,0.0000,0.0000,0.0000,0.0000,false,false,false,false,false,false,false,false
19.3400,0.0000,0.0000,0.0000,0.0000,false,false,false,false,false,false,false,false
19.3614,0.0000,0.0000,0.0000,0.0000,false,false,false,false,false,false,false,false
19.3801,0.0000,0.0000,0.0000,0.0000,false,false,false,false,false,false,false,false
19.4019,0.0000,0.0000,0.0000,0.0000,false,false,false,false,false,false,false,false
